"","Close","vol10","vol30","vol100"
"1",0.118662574323102,0.118662574323102,0.118662574323102,0.118662574323102
"2",-0.0266398269529144,0.0839247980119808,0.0853342184238968,0.085800044686173
"3",-0.00384810690001158,0.0667068643054869,0.0691157349779484,0.0699145731569906
"4",-0.0159338670012037,0.05683051618011,0.059900543946121,0.0609260539022134
"5",-0.00205973296301032,0.049417278819026,0.0531216061147705,0.0543641032245363
"6",0.000342994343955905,0.043828139351906,0.0480714743819525,0.0495019301506472
"7",0.010691600379753,0.0396814534919919,0.0443201585686827,0.0458972981627911
"8",0.00138795999707098,0.0360344370466483,0.0410963700977801,0.0428268135421944
"9",-0.00554018056745109,0.0330381881790978,0.0384540390053832,0.0403187789054798
"10",-0.0242209013156023,0.031843479693224,0.0370849839840196,0.0389480080554151
"11",-0.00604840553588026,0.0295222779614771,0.0350989923002697,0.0370877960914137
"12",-0.00501254182354449,0.0274518823295428,0.0333404180777529,0.0354492461475512
"13",-0.0158733491562901,0.0261981812404194,0.0321121653909837,0.0342727268296844
"14",-0.0287813232617307,0.0265473044540477,0.0318323660214862,0.0338856797875545
"15",-0.0436614086305469,0.0292586483813605,0.0329844808492735,0.0346757897713794
"16",0.018168321146486,0.0281337356540321,0.0320567318174538,0.0338184097784946
"17",0.00842570127408493,0.0265524841381851,0.0309004383913538,0.0327930662784813
"18",0.0918376481801646,0.0401801419343627,0.0387381667174352,0.0389879564317216
"19",0.0841735568499598,0.0474021310154736,0.0435045037361515,0.0428976209244806
"20",0.0764678488740831,0.0515444401113377,0.0464797325978036,0.0453901433969019
"21",-0.0270608633435434,0.0494037452585421,0.0454631711214645,0.0446147024049878
"22",-0.0155827851232613,0.0468714274498465,0.0441727436458981,0.0436161778051066
"23",0.0104916833672326,0.0443615919185555,0.0428706055258283,0.042609024067671
"24",0.122432499556474,0.0581635707630975,0.0512376383985376,0.0492972685738221
"25",-0.0196727655987048,0.0553193551215133,0.0499475020885606,0.0483555427976286
"26",-0.0738296804966518,0.0575830080789217,0.0516038357038047,0.049735427467016
"27",0.0532634029151748,0.057139875408414,0.0516974907556052,0.0498889037581253
"28",0,0.0540410776292237,0.0502721782918393,0.0488613458155254
"29",-0.0759238826708719,0.0567353116989923,0.0519586404518539,0.0502095650557349
"30",-0.0632109501055584,0.0574456861383648,0.0526058175241919,0.0507705764937683
"31",0.000738279841581146,0.0543780584709615,0.0512403103056705,0.0498134698319412
"32",0.0107667271601963,0.0516019962222368,0.0499921146919371,0.0489425297959471
"33",-0.0341254173627883,0.0500815954404454,0.049326836933019,0.0484950156008572
"34",0.0215140484353911,0.047935202871454,0.048344053737436,0.0478174355085041
"35",0.00739918298776754,0.045472203358217,0.0471978513454969,0.0470239331483007
"36",0.0142111968003436,0.0433225671074335,0.0461719329550895,0.0463148484614833
"37",-0.0130965765846294,0.0412647933863291,0.0451710496242093,0.0456236275116105
"38",0.0313410586623828,0.0403657256315661,0.0446287149365124,0.0452425383645363
"39",-0.03948627199994,0.0402771887456708,0.0444079207930218,0.0450760104686394
"40",-0.0197158262912618,0.0386916979249986,0.0436000562356516,0.0445220111534518
"41",0.0349493365539049,0.0383290594167918,0.0432527610521972,0.0442683090334591
"42",0.0234858905340705,0.0370978705102556,0.0425779461753261,0.0438040028685559
"43",0.0119530628478368,0.0353775479106691,0.041717229495248,0.0432224478904503
"44",-0.0443842981599567,0.0363883759170684,0.0418354410887701,0.0432553817388288
"45",-0.0180185048400756,0.0349755510144367,0.0411032672697113,0.0427612433233261
"46",-0.0151901649445811,0.0335149000747828,0.040347356934544,0.0422535345929858
"47",-0.00358287735481611,0.0318027791844531,0.0395011515576844,0.0416926733917156
"48",-0.0278628856431298,0.0314286270402641,0.0390873128058168,0.0413901447546746
"49",-0.0438920929415221,0.0328964281915669,0.039296610895347,0.041456373106715
"50",-0.0709881830569001,0.0384699843024514,0.0410721886728596,0.0424582182349368
"51",-0.028429241520517,0.0375826406596071,0.0406363767640497,0.0421651876911706
"52",0.0747572903478129,0.0427998285426224,0.0425410032374645,0.0432611319920952
"53",0.0609292171516946,0.0449509615628859,0.0434254081666437,0.0437733024142381
"54",0.141402880717043,0.0618393557218506,0.0510356504611357,0.0484535379654476
"55",-0.000397535286492001,0.0586561493077903,0.0500190125280747,0.0478796600605416
"56",0.0160259840158443,0.055868580547551,0.0491312618688943,0.0473831772537464
"57",-0.0576743460623867,0.0560522269718107,0.0494918753550611,0.0476440704730109
"58",-0.00759593473741527,0.0532235944442193,0.0485463181671638,0.0471155619982028
"59",-0.0367729455179706,0.0518112406462807,0.0481458438155535,0.0469092733325522
"60",-0.0351164710329921,0.0503886851077524,0.0477118298956689,0.0466810351409885
"61",-0.00421645037893503,0.0478172254565961,0.0467999308527266,0.0461731591485839
"62",-0.00976975687358195,0.0454649730286507,0.0459421866529815,0.0456951297648259
"63",0.07533736273697,0.0492788248531708,0.047386078356917,0.0465244636097344
"64",-0.0218486758781693,0.0472553540064626,0.0466787475879905,0.0461406748309161
"65",-0.0152674726857893,0.0450872350051305,0.0458911270020035,0.0457103557442879
"66",0.044254972929004,0.0450046224228843,0.0458311216649887,0.0456808076641306
"67",0.0574245791496626,0.0463976519002128,0.046313982549829,0.0459504800298173
"68",-0.0252378926537613,0.0447330489553773,0.0457072065680581,0.045625274735107
"69",0.0458155797849549,0.0448425541876592,0.0457112089817734,0.0456290873717689
"70",0.0574702463320111,0.0462615728650285,0.0461964799347598,0.0458931417505018
"71",0.00693243677564492,0.0439409562538737,0.0453618272831086,0.0454514445461422
"72",-0.0358706262679993,0.0432014391995994,0.0450504621520078,0.0452847136291841
"73",-0.0191114669970895,0.0414268527937909,0.044373059643995,0.0449253139324484
"74",0.0994338558359225,0.0503349871419398,0.0475003753461158,0.0465646113232333
"75",0.12268142798792,0.0615287445454865,0.0521457431882281,0.0491080221023042
"76",-0.0198429817628032,0.0587066364920508,0.0513350262157668,0.0487218507781302
"77",-0.0510665205654797,0.0579877233703283,0.0513253903224796,0.0487663958313723
"78",0.0390483488718361,0.0563803709422881,0.0509360655104456,0.048605107585976
"79",-0.0678307563067739,0.0576281813762984,0.0516362258914652,0.0490235584351282
"80",0.123613955967177,0.0672101845734925,0.0558271705646067,0.0513457765831464
"81",0.0765400771223339,0.068200826507138,0.0566950726985317,0.0519060618947212
"82",0.0346855579878902,0.0656236635912015,0.056061174039444,0.0516495608334641
"83",-0.00352313939066828,0.0622654924541681,0.0550622337821705,0.0511932139100908
"84",0.00470030256368315,0.0590884626255555,0.0540865044916074,0.0507460701377509
"85",-0.0572238481602731,0.0589046335656141,0.0542003847426271,0.050865899174261
"86",0.00725652081782613,0.0559285821392648,0.0532541634139168,0.0504334959405616
"87",0.105671861973535,0.0627052144514177,0.0559377891987384,0.0518794337493608
"88",-0.0703204042877252,0.0635079127454879,0.0565048202563673,0.0522480831706867
"89",-0.0302966870241859,0.0610056721663608,0.0557948272842507,0.0519539419124375
"90",0.011894844632208,0.0579969334583926,0.0548551902574322,0.0515387666236043
"91",0.0155040716855379,0.0552385379144795,0.0539664605869917,0.0511462021741894
"92",-0.0307716007963852,0.053299555529546,0.0533275970712329,0.0508750410011402
"93",-0.0106057371452013,0.0506753527012408,0.0524282703048467,0.0504727839640075
"94",-0.00166441087898406,0.0480776084992576,0.0515096887438036,0.0500586456974784
"95",-0.0444517601607308,0.0477274049582053,0.0512809203090033,0.0499725230285973
"96",-0.0131684803532246,0.045469187731725,0.0504437123815488,0.0495954462696858
"97",0.0232938530271727,0.0437602231774567,0.0497518801754597,0.049284119666811
"98",0.026045910048341,0.0423237085714859,0.0491234476678039,0.0489998422811246
"99",-0.0654314153578883,0.0451696915739591,0.049775843472265,0.0493033218310658
"100",-0.00769431854480596,0.0429206934330086,0.0489306493181212,0.0489224739617588
"101",-0.206137173563743,0.0768590784671004,0.0614478040221546,0.0549753408623562
"102",0.0710739961107336,0.0763002988170052,0.0618040294288255,0.0552623999698682
"103",0.0221178052536191,0.0727218773464987,0.0608706336920349,0.0549013623895914
"104",0.00549195875823649,0.0690118199849711,0.0598248873371201,0.0544806203636252
"105",0.000918319602682516,0.0654709479872074,0.05878989893224,0.0540612693160966
"106",-0.0479805095413535,0.0639375527826241,0.0584524899799412,0.0539736351594721
"107",-0.0104530568520893,0.060746449898317,0.0574755183746648,0.0535779335848029
"108",-0.0523326154580674,0.0599582123977541,0.0573071923683456,0.0535593444216137
"109",-0.00737406045271527,0.0569291010276716,0.0563357253451171,0.0531631808318391
"110",0.00245194233075763,0.0540132251911759,0.0553671924199876,0.0527651834480798
"111",0.0202528096093468,0.0516401121787148,0.0545427442906192,0.0524294950038043
"112",-0.00291845104126054,0.0489987837480101,0.0536074763362138,0.0520412117253453
"113",0.0446978434858774,0.0485858227990054,0.0533284045674006,0.051940565204326
"114",0.0202293182473192,0.0465343454375037,0.0525454487731565,0.0516165255622836
"115",-0.0640941754293047,0.0485768274956257,0.0529797547131198,0.0518202390814731
"116",-0.0420213150477937,0.04796161123336,0.0526446463050617,0.0516911816588301
"117",-0.0623386627389109,0.0495872577035482,0.0530031233723473,0.0518607492899901
"118",-0.0270337514542902,0.0478130546685117,0.0523331191874644,0.0515881358568198
"119",-0.103678425876565,0.0559678837630058,0.05486876698159,0.0526998590935506
"120",-0.158657752983537,0.0730506604148032,0.061336476185396,0.0556499855344699
"121",-0.170399463984906,0.0877858969815115,0.0679616861099094,0.0588691416245557
"122",0.0570608473859311,0.0852133804300019,0.0676211828850145,0.0588439369840489
"123",0.10354975392259,0.087220663563388,0.0691436164467176,0.0597070517867995
"124",0.115836698325701,0.0904904140570348,0.0712258098561303,0.0608542431598563
"125",0.0692160771990644,0.0885931680153561,0.0711587645995283,0.0609790476679956
"126",-0.0387569019308502,0.0849357588571518,0.0703077048551757,0.0607254633773523
"127",0.0910024932689781,0.0855617926550923,0.0711053548888275,0.061247864490572
"128",0.0326369293130222,0.0818245340471085,0.0701511693749795,0.060944127988168
"129",-0.024843797554829,0.0780221097004452,0.0691078047662941,0.0605933883236486
"130",0.0391638143473299,0.0750472155685607,0.0683116802788287,0.0603510075602167
"131",-0.046956946105523,0.0727280636315471,0.0677012282318485,0.0601881031454013
"132",0.069018038151043,0.072365620474743,0.0677460445694704,0.060316976885146
"133",0.0114070056005593,0.0687467547054485,0.0666275075708822,0.05992126200854
"134",-0.0611867942144357,0.0680285745869724,0.0664514511664935,0.0599385438932914
"135",0.0314237766236256,0.0652981117337103,0.0655768961823402,0.0596451442727413
"136",-0.0681511043150063,0.0655889958842725,0.0656652067297379,0.0597673194311436
"137",0.013615116695024,0.0623719621429598,0.0645990130530819,0.0593871457099547
"138",-0.0964279092423759,0.0665662821976549,0.0659202457409003,0.0600314068510876
"139",-0.000319131963774755,0.0631503992409222,0.0648021590317106,0.0596312904197777
"140",0.0047976742466056,0.059928934948088,0.063709419907807,0.0592377086206605
"141",-0.0396029112854701,0.0582165655664733,0.0630489548398777,0.0590210888950973
"142",0.0133397663981709,0.0553899493622872,0.0620287118054522,0.0586514741764872
"143",-0.0734384945120623,0.0574505278956475,0.0624458979220005,0.0588694699666619
"144",0.0662811588388492,0.0583937160128239,0.0625785318093215,0.0589723929060359
"145",-0.00956652860508811,0.0554796830635826,0.0615438549820864,0.0585969450807017
"146",0.0182866400544444,0.0529493698995236,0.0605946898623401,0.0582522496082327
"147",0.0533202737151259,0.0529865771221983,0.0603647559847784,0.0581910179271792
"148",0.00396688123500155,0.0502831302436973,0.0593477776045699,0.0578156683745638
"149",-0.0377034902366318,0.0491702061126585,0.0587510633889349,0.0576012588048322
"150",-0.0657339785423448,0.0510689129686501,0.0589986734327693,0.0577129848724264
"151",0.0686089206279439,0.0530843565417796,0.0593461663041138,0.0578655119979284
"152",0.0586272576721947,0.0536644161394809,0.0593222044759239,0.0578753043172545
"153",-0.0486609641196463,0.0531852568051368,0.0589960488154389,0.0577671845301878
"154",-0.0220490798531081,0.0509354548274898,0.0581393084366226,0.057452898159222
"155",-0.23270580978124,0.0880350970351302,0.0712843480867259,0.0628093069137092
"156",-0.129484921550558,0.0930150258585897,0.0739792599051236,0.0640858432980393
"157",-0.0279875292749243,0.0886845288643933,0.072909829842087,0.0637582441316568
"158",0.0843309449774705,0.088258834784684,0.0733211374790257,0.064057817772455
"159",-0.0111112256822801,0.0838033747456165,0.0721117380270871,0.063667191440297
"160",-0.0121269533300761,0.0795952971209113,0.0709289947121405,0.0632824126234291
"161",0.0130481187461906,0.0756233793557702,0.0697725346578458,0.0629033925115023
"162",0.0382811086802235,0.0727567884557996,0.0689515190049308,0.0626565085885949
"163",-0.0442539726127138,0.0704275275539155,0.0682696329106346,0.0624613351288152
"164",-0.0100273859795279,0.0668886223909707,0.0671427502838984,0.062083455717341
"165",-0.0356385826806713,0.0644491262418976,0.066331071979591,0.0618258279748209
"166",0.0275084337380744,0.0617575280436724,0.0654059336302965,0.061519524824167
"167",0.17104924655031,0.0797394355114754,0.0715087765485358,0.0640144413659574
"168",-0.00239904147051684,0.0756512745766062,0.0703041435411541,0.0636211521976812
"169",0.0357761446017149,0.072655330531204,0.0694275397601141,0.0633543700669544
"170",-0.00879123757583145,0.0689829393857159,0.0682758271668675,0.0629738371049202
"171",-0.0125035332071053,0.0655622998455405,0.0671636525607629,0.0626042108444464
"172",-0.0559421663770276,0.06466472176738,0.0668189569303326,0.0625274738986512
"173",0.0462646447426889,0.0630667531268871,0.0662349910758446,0.0623555922132717
"174",0.0216341311422865,0.0602202405688245,0.0652386401824441,0.0620226877938018
"175",0.0395926248204277,0.0584857865531801,0.0645463023594524,0.0618003111834574
"176",-0.00906008462440244,0.055558410850717,0.0634802123756845,0.0614347084805102
"177",-0.245440975018333,0.0938199903108208,0.0768642214140176,0.0667351872768433
"178",-0.0336075856364446,0.0896377069065495,0.0758184555738106,0.0664354834148707
"179",-0.03189519210851,0.0856338541288263,0.0747687621056689,0.0661284796276185
"180",0.0768123120007065,0.0847930091594773,0.0748379341920288,0.0662664246247616
"181",0.0344861760711694,0.081177574446115,0.0738468027820988,0.0659774351175385
"182",-0.0132999435064214,0.0771265685764131,0.0726436485208826,0.065599341491564
"183",0.0930349115252751,0.078861944559665,0.0734162170991693,0.0659925800969709
"184",0.0199476633133941,0.0750804674646382,0.0722718070646621,0.0656358143474042
"185",-0.0365588799422927,0.0721597124719023,0.0713681547289674,0.0653671313784038
"186",-0.0131902503419363,0.0685836712525728,0.0702077810774999,0.0649953770812012
"187",-0.142890561882195,0.0792156502093829,0.0737992642107416,0.0664493124044497
"188",0.0255659639627352,0.0755841859400226,0.0727069546870448,0.0661150016768491
"189",0.0614071435951464,0.0742883300109054,0.0723581532399649,0.0660615880184118
"190",0.0605386227648492,0.0730299449710846,0.0719948573072739,0.0659994344019811
"191",0.0362412206116649,0.0702237722045887,0.0710919539691697,0.0657287698320336
"192",-0.0437701448820693,0.0680428021335341,0.0703512745299689,0.0655144452380262
"193",-0.017508517135473,0.0647880810531965,0.0692410295566714,0.0651582360306274
"194",-0.0432725576138213,0.0629682247314906,0.0685331369989589,0.0649455734800577
"195",0.0146791402310682,0.059916986811724,0.0674330219394115,0.064585907779457
"196",-0.0121715132187803,0.056972408679729,0.0663354044614728,0.0642229450513327
"197",0.0327137152439234,0.0550298876247131,0.0654922857375242,0.0639464579146217
"198",0.0389566687832379,0.053639741637398,0.064782249104707,0.0637131250016885
"199",0.102965644326503,0.0604126815031153,0.0664115736952514,0.0643041832034423
"200",0.00572439866057772,0.0573410825805068,0.0653024264034241,0.0639348018701427
"201",0.0288428467735891,0.0551578712170673,0.0644194423333278,0.0636405734492877
"202",0.0774902210672277,0.0577808369423011,0.0648980680970712,0.0638171086887476
"203",-0.0895166557118903,0.0616934824045623,0.0658680889579364,0.0641710037904339
"204",0.0807380007461789,0.063854049759247,0.0664179539878099,0.0643853314088307
"205",-0.00150579760420433,0.0605791420050125,0.0653011050569488,0.0640155375206572
"206",-0.0261375433809667,0.0580617457431684,0.064379770196674,0.063709588583074
"207",0.0682392898782482,0.0591583447640486,0.0645122596079075,0.0637631669162244
"208",-0.0247997516730973,0.056667817567972,0.063588539513491,0.063453655685713
"209",-0.0259911880715635,0.0543844792086225,0.062698827245501,0.0631520787612115
"210",-0.0109776804978483,0.0517103023367227,0.0616767293177462,0.0628026730305424
"211",-0.0642803013821802,0.0531013704681001,0.0617653525165804,0.06281965867021
"212",0.0449927362237923,0.0523470593472633,0.0612799030400114,0.0626458284078085
"213",-0.0310610532741284,0.0506228413178606,0.060515649924536,0.0623775549207993
"214",0.0135595017272707,0.0482160851319843,0.0595492997444823,0.0620403508482028
"215",0.0379701325428892,0.0472914884036114,0.058956974799559,0.0618206859709044
"216",-0.0824713028064337,0.0518940070393947,0.0598903260834614,0.0620921195595817
"217",-0.045468499677964,0.051287694588794,0.059465703700385,0.0619295920679679
"218",-0.0600280295879179,0.052227591254443,0.0594845451653691,0.0619085078085177
"219",-0.0463976814522686,0.0516742067556551,0.0590947939332262,0.0617557544637101
"220",0.00398085059136299,0.0490386174006148,0.0581055037388543,0.0614094444886499
"221",-0.0316387776181974,0.047585802733736,0.0574197773569517,0.0611559309254033
"222",-0.00113595373560349,0.0451452854538084,0.0564545267656829,0.0608125121720439
"223",-0.0180022636428503,0.0432052689894556,0.0556024231135754,0.0605012924513602
"224",-0.057629112836636,0.0448568523889946,0.0556712027517731,0.0604699454003313
"225",0.00485386623545025,0.0425826195454946,0.0547422030895771,0.060133661192234
"226",0.00232976913597494,0.0404041374247138,0.0538233453031848,0.0597979706505146
"227",-0.0101266478271649,0.0384642663851387,0.0529505744418531,0.0594736389737492
"228",0.00105006836331611,0.036491917927721,0.0520605437982621,0.059141997735088
"229",-0.0393500144416259,0.0367877211892162,0.0516870828616405,0.058958577647945
"230",0.117328593476329,0.0509372424854001,0.0551499894351153,0.0599193818907123
"231",0.00318541790186089,0.0483338090111756,0.0542257814694686,0.0595872107480529
"232",0.000912015556694623,0.0458543843204532,0.053314265997018,0.0592563809366941
"233",-0.00364299127850076,0.0435165398878175,0.052422049728117,0.0589289110923224
"234",-0.0424933243428698,0.0434153035322554,0.0521214645707971,0.0587723858435567
"235",0.00196228123578113,0.0411920475028808,0.0512463574383286,0.05844740943338
"236",0.00437448208931857,0.039102684167253,0.0503910531978615,0.0581260210343838
"237",0.0199253437278282,0.0376273816580577,0.0496772295163622,0.0578427496504551
"238",0.0112436531647013,0.0358731074628917,0.04888512825843,0.0575356381829715
"239",0.0517456557170126,0.0377617947626927,0.048983200267272,0.0574751461717562
"240",0.0591075516214996,0.0404070302695055,0.0493542589886022,0.0574933291395036
"241",0.004558123639681,0.0383605648393062,0.0485316173598038,0.0571789946884575
"242",0.028577075459626,0.037497260773202,0.0480001551768123,0.0569433700800445
"243",0.022716269689345,0.0362910870573394,0.04737509474644,0.0566805539725958
"244",0.0123657219188384,0.0346501054497625,0.0466333088632145,0.0563844385310484
"245",-0.0179604881521982,0.0333590278691942,0.0459664445786041,0.0561068347243669
"246",0.0807513695557049,0.0406647345356528,0.0475381753374649,0.0564341506749904
"247",0.0444649133167494,0.0410605823509161,0.0474389181097258,0.0563172766701547
"248",-0.111843523722169,0.0526143674347674,0.050916382850351,0.0572138765886067
"249",-0.0165557593117853,0.0501881839793254,0.0501515889244338,0.0569276694755592
"250",0.0189819635596544,0.0479895814118603,0.0494301324269297,0.0566516928850535
"251",-0.0604817728390139,0.049381215216441,0.0498381017311095,0.0566947267402015
"252",0.0218322016983024,0.0473531253216319,0.0491621497221765,0.0564318432560596
"253",0.00782066060460496,0.0449911424969652,0.0483567681870028,0.0561306756406949
"254",-0.00156906414996216,0.0426852294019159,0.0475447054138819,0.0558257335771048
"255",-0.0417100745835186,0.0425887186982776,0.0473617672855187,0.0556919631401194
"256",-0.00475055263328583,0.0404311246363088,0.0465736559496677,0.0553918820039804
"257",-0.00522451748432573,0.038391897761314,0.0458006552569927,0.0550941527767002
"258",0.0348432382083996,0.0380519271158289,0.0454779108881919,0.0549152084516591
"259",0.00851503038081436,0.0361995140263505,0.0447404253939119,0.0546250374736018
"260",0.00702122244686754,0.0344135742205634,0.0440069963020749,0.0543344023118052
"261",0.0213644423279802,0.0333392954510032,0.0434427142942489,0.054086193620811
"262",0.0109905950696474,0.0318188163992746,0.04275954522097,0.0538061344170995
"263",-0.0250213482602746,0.0312057712005621,0.0422882525070946,0.0535786544172655
"264",-0.0574650600580036,0.0347367737901325,0.0428808513083776,0.0536219613778986
"265",0.0345951180929687,0.0347226342260894,0.0426305823470815,0.0534534560459402
"266",-0.0725835432154165,0.0401488763156532,0.0439592307907394,0.0536951618621121
"267",0.0134713850288204,0.0383260598539432,0.0432902137432679,0.0534244522377231
"268",-0.00266056502350853,0.0363690258071286,0.0425652842341475,0.0531378916876628
"269",-0.0393135860191798,0.0366741221968895,0.0424608949986944,0.0530088428761905
"270",0.0301767829661039,0.036077083280657,0.0421091614273694,0.0528166244355323
"271",0.0330930696985035,0.0357898794415755,0.0418399110421295,0.0526446682241303
"272",0.00173331734535687,0.0339576848783921,0.041137816353599,0.0523627023297056
"273",-0.0788410059721358,0.0407357625231217,0.0429315792501134,0.0527160467972237
"274",-0.00821172497651812,0.0387324845086795,0.0422365413237858,0.0524406499359563
"275",-0.0103955738440109,0.0368916198634348,0.0415699232088922,0.0521711070548885
"276",-0.021353102463527,0.0356439048508315,0.0410566852255689,0.0519389760870457
"277",0.00950810953558312,0.0339481895306312,0.0404038618579467,0.0516707601449606
"278",-0.0265279836116195,0.0332807002122359,0.0400188907420755,0.0514677076407456
"279",-0.00151335016422705,0.0315764711268847,0.0393471736878854,0.0511932839159366
"280",0.0137033355444678,0.0302678759817847,0.0387666011895437,0.0509398741388478
"281",0.0154494577582067,0.0291272803280032,0.0382192033925107,0.0506934122826088
"282",0.0265961140902062,0.0288841468948868,0.0378892323834928,0.0504978666016264
"283",-0.0383154962943824,0.0299611794375547,0.0379035193867806,0.0503839916287473
"284",0.00927572884506178,0.0285746209164902,0.0373048597671639,0.0501250700904318
"285",-0.0476590081025883,0.0310160630931986,0.0376958712886243,0.0500995551000559
"286",0.0185763424694882,0.0300050762834477,0.0372171093898598,0.0498700448719648
"287",0.0481223042921552,0.0322776975563105,0.0376315892321043,0.0498518539783911
"288",0.0187177108541943,0.0311881396294345,0.0371565382961437,0.0496246760593031
"289",-0.0245801627530193,0.0305916408237133,0.0368066040475386,0.0494261805247232
"290",-0.0411815989195903,0.0318096848210695,0.0369607897501376,0.0493462134715922
"291",-0.0480193961172155,0.0337824907891708,0.0373821751687121,0.0493323791643427
"292",-0.0057412295721333,0.032100267712721,0.0367687715281945,0.0490747276343612
"293",0.0324150971578279,0.0321318894695078,0.0366319797145219,0.0489285092571402
"294",-0.0136342335144533,0.0307863885693866,0.0361021671910883,0.0486898815255921
"295",-0.0456105510609683,0.0325738205594502,0.0364591028462326,0.0486584304519928
"296",-0.0619350942112686,0.0365861175413737,0.0375875799676635,0.0488171683371202
"297",-0.176379346934202,0.0656936602692355,0.0490179870352747,0.0518234828754688
"298",-0.0420759445474781,0.0637269943632131,0.0488024889175706,0.051730439709774
"299",0.0806068091047258,0.065610689654329,0.0501884533520975,0.0521176000231236
"300",-0.012794749315125,0.0623751304465865,0.0494001214864491,0.0518594495109666
"301",-0.0197584821684149,0.0595032013438417,0.0487035624405542,0.0516259558793615
"302",-0.00440805181332404,0.0564669015019248,0.0478916901600351,0.0513560640849284
"303",0.0333816829308278,0.0545993914273291,0.0474795049036912,0.0512001295051312
"304",0,0.0517975307308295,0.0466814462887656,0.0509307642802064
"305",-0.04462824034922,0.0511258618949048,0.0466144609818366,0.0508687084653941
"306",0.0264415156845006,0.0492177178891561,0.0460845017040395,0.0506737274151512
"307",0.0294567336086526,0.0476121338976107,0.0456279588432832,0.0504976339604352
"308",-0.0267416956076971,0.0459536243755929,0.0451259299456569,0.0503069818525505
"309",0.00738364516132162,0.0436579185888952,0.044387911020511,0.0500486591975701
"310",-0.0496567513735506,0.0442943762306301,0.044573579308545,0.0500445741242819
"311",0.00460976527871626,0.0420466120238841,0.0438324511851321,0.0497844041765999
"312",0.0102168538152787,0.0400195481559525,0.043136051171733,0.0495345028353621
"313",-0.0600845213599523,0.0424549500276635,0.0438067883712552,0.0496563376100431
"314",-0.0659112323843853,0.0453498573218164,0.0447200010562788,0.0498535174338218
"315",-0.0125410311523977,0.0432050500455067,0.0440279121231552,0.0496091428863111
"316",-0.0327810700207705,0.0422784646086152,0.0436996695856627,0.0494630994573733
"317",-0.0552119560782955,0.0437442307292619,0.0441318317196093,0.0495265112250421
"318",0.000744576833987765,0.0415000890282368,0.0433902648287593,0.0492676938683144
"319",-0.000620477831756006,0.0393709302619381,0.0426611003628689,0.0490103217566893
"320",0.0155041491212629,0.0376709569657951,0.0420394509093825,0.0487800371781338
"321",-0.0612174481577741,0.040644169258848,0.0428173487856471,0.0489258479175806
"322",0.00403805769558208,0.0385795831530485,0.0421041202522771,0.0486722856316026
"323",0.0114902401886354,0.0367797277667459,0.0414495468978953,0.0484325908622397
"324",0.00761284556865416,0.0349752638146099,0.0407765498170233,0.0481863201128732
"325",0.00779349999880807,0.0332718504930902,0.0401164121849176,0.0479417655342179
"326",-0.0156470292528006,0.0319499199397259,0.0395454494468154,0.0477186662279385
"327",0.14242523197102,0.0542882336785726,0.046774875113443,0.0496401425724915
"328",-0.12653362514327,0.0652193752924323,0.0514651151843881,0.051037402899506
"329",-0.00158842965302775,0.0618745709727177,0.0506009122294877,0.0507720765834904
"330",-0.0587916504445944,0.0615732254795217,0.0508951824188785,0.0508617836795529
"331",0.00438400561183006,0.058429939559076,0.0500461298210442,0.0505992839858269
"332",0.0284979714099185,0.0561592867710907,0.0494792719793439,0.0504198528654319
"333",-0.00970765317727107,0.0533657455170905,0.0486798936595933,0.0501676118140613
"334",0.0126861507143987,0.0507858873815376,0.0479176867379595,0.049923743890484
"335",-0.135483344802146,0.0644737108695855,0.0532112020723858,0.0515430091951326
"336",0.0313286172920195,0.0619622601275034,0.0526285695906968,0.0513744824266775
"337",-0.0194841832634669,0.0591045924767441,0.0518661196647152,0.0511463550432687
"338",-0.0198357276999586,0.056421300729392,0.0511227830980659,0.0509210663410404
"339",-0.0132465973518103,0.0536896087947839,0.0503216577163268,0.0506749602784723
"340",-0.0440037367822725,0.0528010375690061,0.0501238901111066,0.0506104843555552
"341",0.0160397436283999,0.0503476111557809,0.0493683361094982,0.050374657967715
"342",0.0460808245990298,0.0499373406756607,0.0492622861830798,0.0503321659849084
"343",-0.0108478052878036,0.0474987545345929,0.048474758607857,0.050083691607762
"344",-0.0471643251734593,0.0474654176323198,0.048431648375176,0.0500544179669912
"345",-0.0197027385831534,0.0454586523631871,0.0477532874869257,0.0498356343875524
"346",-0.0187561455911771,0.0435318213144491,0.0470753633309412,0.0496144439018676
"347",-0.012000950332534,0.0414719158123447,0.0463359514256745,0.0493729310007676
"348",-0.0299296643339888,0.0404661130051567,0.0458836814989855,0.0492116445321887
"349",-0.00891460584267634,0.0384928914386089,0.0451418173008876,0.0489656933555665
"350",-0.0663297816911523,0.0421129008273435,0.0460055731939429,0.0491759218628622
"351",-0.00301559122427086,0.0399631849772699,0.045235660584083,0.0489229030715895
"352",0.0722181641126562,0.0442594268032811,0.0463886367939999,0.0492190591262252
"353",0.0343884084170938,0.0433735338450256,0.0460390484856203,0.0490891912823475
"354",-0.0770678776474449,0.0478234552379183,0.0474017252803801,0.0494578740347561
"355",-0.030876065531892,0.0464080566936047,0.0469446862365641,0.04930233648453
"356",0.000835614641492732,0.0440273412625843,0.0461558912913457,0.0490481585684053
"357",-0.00965062390441052,0.0418793452069309,0.0454142950967349,0.0488051049009435
"358",0.119087892874229,0.0547419786122821,0.0496632925983289,0.0500325860381113
"359",-0.0225930308095794,0.0524219448729733,0.0490024731444109,0.0498274656931839
"360",-0.0424874437940339,0.0515147800330513,0.0487993199232379,0.049757547875225
"361",-0.0101726566076161,0.0489769700973217,0.0480150348120466,0.0495120476575955
"362",0.0301203791101869,0.0474298741691003,0.0475272182253289,0.049351633472373
"363",0.00115960050976049,0.0449974236447071,0.0467288605171117,0.0490977658667027
"364",0.0205597771181427,0.0431805716116622,0.0460965300527698,0.048889526512393
"365",0.00814164475026047,0.0410455140808694,0.0453461097494138,0.0486450230530068
"366",-0.0232420536100744,0.0396267600132526,0.0447854169993677,0.0484520745056936
"367",-0.0641289705776327,0.0427142199386553,0.0455627065654196,0.0486385183763756
"368",-0.0262495594172885,0.0413637288385756,0.0450525177734013,0.0484614602075389
"369",-0.0491921646611591,0.0422119552199747,0.0451966156099962,0.0484690067512069
"370",-0.0264197445762751,0.0409080008982521,0.044697981282202,0.0482941147551296
"371",0.012391240271838,0.0390060555207739,0.0440048909648934,0.0480624323552744
"372",-0.0383530227153805,0.0389412450455988,0.0438282387035641,0.0479729355975208
"373",0.0555867520569304,0.0409117001547858,0.0442705362889684,0.0480570237582651
"374",-0.0355367572207586,0.0404063930582316,0.0440073441061826,0.0479454019419323
"375",0.00613985617719415,0.0383820104132957,0.0432821887302194,0.047703425403493
"376",0.0775178040512809,0.0438948954381143,0.0448464454040371,0.0481022208081119
"377",-0.00630661817300915,0.0416900828045316,0.0441076993207149,0.0478597626366229
"378",-0.00950723429888889,0.0396647885942334,0.0434010627747332,0.0476240614282094
"379",-0.0362145890204211,0.0393333898182512,0.0431807867006847,0.0475212459500506
"380",0.0162772058547276,0.0376682723545794,0.042558889877006,0.0473063242402678
"381",0.0599509611267361,0.0404526963497223,0.0432514493938979,0.0474526271817716
"382",-0.0161152400120628,0.0387136755401911,0.0426261443637577,0.0472376269955671
"383",0.0406563914339833,0.0389123119705242,0.0425619544914791,0.0471750254881342
"384",0.0256009792386758,0.0377927537287265,0.0421068033718269,0.0470047249467346
"385",0.0387075349922057,0.03788522584699,0.0419979271279649,0.0469273999232702
"386",0.0128699432268231,0.0361707733895179,0.0413588292597963,0.0467053072743173
"387",-0.0525505421371646,0.0381267401009746,0.0417802152382359,0.0467686713917804
"388",0.0503164818308672,0.0395152921542804,0.0420926577298014,0.0468062412153169
"389",0.0148942286413964,0.0377822218419793,0.0414744091181419,0.0465911098641137
"390",-0.0991977633570773,0.0476315681464463,0.0446183380462102,0.0474234041333644
"391",0.00694659972316813,0.0452406363842508,0.0438867248178431,0.0471861304931449
"392",-0.0190937015193233,0.0433416728585515,0.0432896679886627,0.0469844856798821
"393",-0.000928317697614922,0.0411185690769353,0.0425623949795868,0.0467444303170178
"394",0.0894144652470272,0.0481783946409842,0.0449184902162723,0.0473737277339085
"395",-0.0133775034476207,0.0459013910357113,0.0442309872237679,0.0471510298234784
"396",0.0402078385651832,0.0453642034793992,0.0441027952526721,0.0470854395379624
"397",-0.00717527611731228,0.0430960360163701,0.0433813023495702,0.0468505591949995
"398",0.00869247725717592,0.0409767910454015,0.0426816670555955,0.0466195809296327
"399",-0.0120734063620604,0.0390610340116463,0.0420221295988937,0.0463975722411928
"400",-0.00542305204320126,0.037096211256669,0.0413276861025171,0.0461639831708684
"401",-0.00483725594386986,0.0352257846633134,0.0406426493817071,0.0459309793005602
"402",0.00446432100984939,0.0334479196787993,0.0399678419518392,0.0456988334222374
"403",-0.00566995064252751,0.031782099235015,0.0393096976305752,0.0454692922151008
"404",0.020885750701102,0.0308660510405974,0.0388366368434138,0.045286398631005
"405",-0.0137232997954442,0.0296019372995122,0.0382659875074353,0.0450767028639578
"406",-0.00298284144113214,0.0280987002724702,0.0376267564411476,0.0448478678978934
"407",0.0278412169245916,0.0280730582104288,0.0373419085014868,0.0447074817822036
"408",0.00498894829739349,0.0266791285102966,0.0367255651389356,0.0444824435037135
"409",-0.0136602494745555,0.0256760306479163,0.0361943127295437,0.0442771742381137
"410",-0.0145987523953295,0.0247920360599826,0.0356856378711164,0.0440761428084033
"411",-0.00568740532846768,0.0235884549035446,0.0351011980964599,0.0438553385844624
"412",0.00372573080262217,0.0224089667603007,0.0345179224702705,0.0436335639811872
"413",0.00664771884652549,0.02136269713131,0.0339594431596357,0.0434165097748936
"414",-0.0104664352866708,0.020534920808532,0.0334432928210632,0.0432083046753085
"415",0.0147970672744551,0.0200352188743694,0.0329919756449347,0.0430141736159513
"416",-0.0458250358248611,0.0239010959297786,0.0334990437270392,0.0430436410957477
"417",0.0273163469734392,0.0242642623868388,0.0333114467450691,0.0429129270184925
"418",0.0534551274543738,0.0285591325389263,0.0341747342927966,0.0430329306406445
"419",0.00853652827295104,0.027227722595433,0.0336364549402876,0.0428226075440869
"420",0.088768770932881,0.0381471291089369,0.0368288026055019,0.0435331806529631
"421",0.0128978432043789,0.0364186566097788,0.036286275617265,0.0433312242750247
"422",-0.0523835703582423,0.0383156696233092,0.0369360526063053,0.0434325446024255
"423",-0.0225189146036557,0.0370404054554886,0.0365472244681322,0.0432711654171036
"424",0.0466164136654212,0.0381064492570334,0.0369271261519892,0.0433063936866465
"425",-0.0153638606824922,0.0364759667313709,0.0364146556215979,0.0431140074690765
"426",0.0148338315183736,0.0349206355875837,0.0359048878490515,0.0429208596279203
"427",0.000211956752966813,0.0331286915440868,0.0353014222715462,0.042702728855706
"428",-0.00497014704262089,0.0314679109450159,0.034719938445147,0.0424886784968366
"429",-0.0456709772523967,0.0331630863105049,0.0351400001098437,0.0425221288673193
"430",0.0291417380735455,0.0327831565604796,0.0349566442620417,0.0424077057011874
"431",-0.022468275591951,0.0319021027437003,0.03461303485124,0.0422528731705057
"432",-0.0101944056210437,0.0304362010461109,0.0340821207749905,0.0420508002406499
"433",0.00493287359492633,0.02891642137087,0.03352137154196,0.0418402057823619
"434",0.00617497536422906,0.0275019365587738,0.0329772234681137,0.0416324014456864
"435",-0.0800739396100338,0.0363580038437436,0.035566491094956,0.0421976417828463
"436",-0.00970067280422793,0.0346283742678887,0.0350135145253202,0.0419947864584346
"437",0.00679929029159165,0.032921648027403,0.0344473848534613,0.0417872417385188
"438",-0.00587055694103089,0.0312873418787211,0.0338853510152909,0.0415793716478258
"439",0.0390311456854731,0.0321457776232656,0.0340694016443047,0.0415543594158364
"440",-0.00241231356597549,0.030505701807663,0.0334996609915105,0.041344239757346
"441",-0.0311220464387816,0.0305678955107155,0.0334231322265454,0.0412534773468051
"442",0.0500942942475522,0.0330439168981925,0.0341103630469776,0.0413524057724239
"443",0.0305169076934373,0.0327999781264281,0.0339967011802246,0.0412570267779265
"444",-0.00575555685873486,0.0311699751693863,0.0334418007648192,0.0410518858117752
"445",0.0728695868792961,0.0374887754674659,0.0354693506104081,0.0414960629786416
"446",-0.0361587893137827,0.0373579076222012,0.0354925476717921,0.0414455208292244
"447",-0.0040652477955323,0.0354641306065993,0.03490388382421,0.0412374415116027
"448",0.015726892052264,0.0340098164810705,0.0344371344926236,0.0410588825944877
"449",-0.0158309332465958,0.0326506156161611,0.0339814601158191,0.0408817871226895
"450",-0.030626637717198,0.0324538984389999,0.0338749859547344,0.0407910125777049
"451",-0.0945487434420071,0.0429170882067537,0.0375132830698184,0.0416827665700278
"452",0.00423066024300756,0.0407366992126366,0.0368908498014376,0.0414737565655919
"453",-0.0266464180784487,0.0395541901207431,0.0365956011155388,0.0413505079395103
"454",-0.0164660300587629,0.037883948778958,0.0361058778844415,0.0411743304553325
"455",-0.00167587249807433,0.0359437765467267,0.0355003316439492,0.0409661286039362
"456",0.00609948410358463,0.0341537689842557,0.0349214052447357,0.0407632674225853
"457",-0.0276338236496727,0.0335588254144426,0.0347031506293351,0.0406518386173006
"458",-0.00961377361593119,0.0319815220274328,0.0341649799681805,0.0404575404798192
"459",0.00153886500272726,0.0303442381123948,0.0335919125845676,0.0402530043508031
"460",0.0156940277221809,0.0292117400812413,0.0331513617110245,0.040080270095176
"461",-0.025823954866107,0.0288908436569318,0.0329333910036533,0.0399617352235632
"462",-0.00826592921334957,0.0275326228511625,0.0324149988289729,0.0397681475006403
"463",-0.0345089541623844,0.0283077300519854,0.032486971882142,0.039718529593843
"464",-0.00784059305003648,0.0269692846135024,0.0319729946845577,0.0395253883575389
"465",0.0177082042072163,0.0261909551359269,0.0316014133012802,0.0393656174288381
"466",-0.00163776651116354,0.0248523187198585,0.0310716980002182,0.0391667940564487
"467",-0.0120365474974831,0.0238822490302736,0.0306283857711067,0.0389874058889858
"468",0.0102381247344763,0.02288684243572,0.0301715437259566,0.0388038193935768
"469",0.0136504298115039,0.0221373039102237,0.0297689287778339,0.0386318899965058
"470",-0.0152009667098607,0.0215443992922447,0.0293998604344486,0.0384668213381935
"471",0.00736616524388989,0.0205711221331588,0.0289369788273436,0.038279439941565
"472",0.0192425190228853,0.0204421479563722,0.0286666984797309,0.0381348782925206
"473",-0.0181739700413734,0.0202267790433787,0.0283795123189172,0.0379859377844659
"474",-0.00810846839311541,0.0193593661412484,0.0279417561165775,0.0378026600402994
"475",0.107183962541495,0.0385505737215608,0.0337292717701614,0.0391214991524337
"476",0.0548695982574072,0.0404796163782251,0.0346424221857701,0.0393118091147192
"477",0.0101230367012164,0.038535528997548,0.0341102627762618,0.0391263140350762
"478",0.00417537153211089,0.0365818488919285,0.0335456029883998,0.0389308236552559
"479",0.0309297720877337,0.0360565331341855,0.0334617033349353,0.0388583803167327
"480",0.000602319059458623,0.0342067610614611,0.0328994654488168,0.0386620661372713
"481",-0.0684973051947182,0.0390164110853131,0.0346798457780027,0.0390766287822206
"482",0.0286318322461296,0.0381055177416261,0.0344953335875603,0.0389853149679613
"483",-0.00317936590722567,0.0361640466607215,0.0339205058022746,0.0387896727804905
"484",-0.0154627781842462,0.03465493030881,0.033469647017146,0.0386249256866881
"485",-9.46535975954177e-05,0.032876567204743,0.0329070963726748,0.0384298227242283
"486",0.0114297560953016,0.0313981804646542,0.0324212235100036,0.0382529288123559
"487",-0.0626567830133693,0.0357749690230521,0.0338668022969014,0.0385758758819714
"488",0.0309769298702571,0.0353245040468934,0.0337744572167839,0.0385067974422043
"489",-0.0246586761874763,0.0344070277512454,0.0335105730210866,0.0383922069089147
"490",-0.0168795351061668,0.0330749311918786,0.0330911444730527,0.0382359007318766
"491",-0.000978865484167812,0.0313791616168495,0.0325354419808301,0.0380429756953393
"492",0.0545614874102567,0.034407589224482,0.0335037562966655,0.0382449288500245
"493",-0.00962848302717845,0.0327836048224884,0.0329875009269826,0.0380641255511414
"494",-0.021444860472136,0.0318320039379916,0.032668518644104,0.0379330751704257
"495",-0.00780049306799935,0.0302990692340189,0.0321509869427874,0.0377497233399754
"496",-0.0130157307994034,0.0290374096921082,0.0316997907909297,0.0375818947335818
"497",-0.0263162029207464,0.028776870904968,0.0315351485756246,0.0374853460813342
"498",-0.00147561327976575,0.0273041244618504,0.0310062787530128,0.0372964709439111
"499",0.00504350634310047,0.0259520208652175,0.0304990312716666,0.037111717951146
"500",-0.00348100603877288,0.0246448450714143,0.0299931401656609,0.036926111306448
"501",0.00890062606607689,0.023548963123064,0.0295337582904679,0.0367506522632548
"502",-0.0284289340239345,0.0240815017540021,0.0294975975130001,0.0366763033083465
"503",-0.00882110064241992,0.0230153869337358,0.0290464864757339,0.0365020069963965
"504",0.0447281676324964,0.0260153441283157,0.0297028965729254,0.036594003361999
"505",0.0409176760538275,0.0278665379706166,0.0301440188221773,0.0366400533002133
"506",-0.0288350749910471,0.0279649012083892,0.0301013044007518,0.0365698151100013
"507",0.0142228880613082,0.0269083850150082,0.029709065840154,0.036413333108184
"508",0.0126820636428384,0.0258406373669155,0.0293013446301539,0.0362520178459978
"509",-0.0115935022294025,0.0247872066794526,0.028886504569694,0.0360879420408408
"510",-0.00660370563735757,0.0236077518261989,0.0284265621939736,0.0359120733273513
"511",-0.00189162776200025,0.0224042669422067,0.0279509045401409,0.0357314975437591
"512",-0.00654794461111941,0.0213551777646293,0.0275070987389329,0.0355574041853997
"513",0.111488579040298,0.0406621394083674,0.033848819542734,0.0371029680008315
"514",0.0207026123441771,0.0391270806338306,0.0334938467419175,0.0369742544024373
"515",-0.0168972302425736,0.0375018297423033,0.0330750720259023,0.0368268683199423
"516",0.0646522161082812,0.0410333939053282,0.0345951636416464,0.0372104017478474
"517",-0.028697000030756,0.0399714555017373,0.0344148479952179,0.0371345093777341
"518",0.0344935062016125,0.0394578981503411,0.0344174728317335,0.0371088892166033
"519",0.0242996970004148,0.0382136190543322,0.0341285735165884,0.0370021726805439
"520",-0.0586891624307233,0.0407270719766182,0.0352242550028538,0.0372830454887389
"521",0.00804135701706343,0.0387206830373299,0.0346633136866894,0.0371039212199195
"522",0.0195888099621406,0.0372523061428808,0.0342678350718648,0.0369691573719645
"523",0.107239421901667,0.0489794879786121,0.0389677408936217,0.03832212839609
"524",-0.0193333849375295,0.0468665039841524,0.0384750307911067,0.0381782746732614
"525",0.0512625565437848,0.0473244888664145,0.0389689455685372,0.0383320161642718
"526",-0.00404727356905976,0.0449141911221267,0.0383210835090684,0.0381410532826758
"527",-0.0680132020130433,0.0477298195318832,0.0396704984848111,0.0385565836020026
"528",-0.0289646673795652,0.0461975897740608,0.0393605796853526,0.0384720844333551
"529",-0.00741528497376631,0.0438895684185136,0.0387226842168655,0.0382855041013087
"530",0.0484594205544671,0.0443677398389248,0.0390863392033752,0.0384011494988847
"531",0.0230649102767488,0.0427182128977853,0.0386594126219619,0.0382776191103446
"532",-0.032740129726756,0.041827655340874,0.0384767771659268,0.0382259689473847
"533",0.0417824520040879,0.0418231372057482,0.0385915285826904,0.038263346303326
"534",-0.0111720083512665,0.0398338888663639,0.0379976709917732,0.0380871126740898
"535",-0.0520434697285816,0.041217922147229,0.0385484067034993,0.0382526536006349
"536",0.00528707005084428,0.0391384811469962,0.0379127785023224,0.0380637150708914
"537",-0.0136665395062101,0.0373806910857983,0.0373589608732092,0.0378968105750751
"538",-0.0179728638435304,0.0359149946807806,0.0368773148833299,0.0377489955013993
"539",-0.00392628915539195,0.0340945704369717,0.0362645694712574,0.0375609916010388
"540",-0.00358553108637327,0.032364816750147,0.0356610464361851,0.0373736090148279
"541",0.0118925193230757,0.0309334192828486,0.035128824232338,0.0372045459423442
"542",-0.0593389771337716,0.0348324590921153,0.0361976558622604,0.0374918665302477
"543",-0.0123356520894129,0.0332744198598653,0.035660438728141,0.0373236071403961
"544",0.0721137663449678,0.0389423656825725,0.0374516288711718,0.0378323475923224
"545",0.0363391764461563,0.0386899293736519,0.0374150800221979,0.0378176462472844
"546",-0.0121103738701533,0.0369037354067558,0.0368525979738982,0.0376468577695011
"547",0.0361967813194761,0.0368336505937662,0.0368309255575681,0.0376325750616887
"548",0.0593496498148616,0.0396646458167971,0.0377983139822568,0.037912506906951
"549",0.0945678016505962,0.0480651914164233,0.0409779342362956,0.0388936740839814
"550",0.073668522938128,0.0512048971339287,0.0424749310518407,0.0393956525587168
"551",-0.0332715514614668,0.0497035909679764,0.0422005013395073,0.0393389075190166
"552",-0.0527019604232546,0.0500115179018408,0.0425922855791815,0.039495534200267
"553",-0.0223264024537198,0.0479675260485057,0.0420743188385882,0.0393604094611538
"554",0.0476407769381151,0.0479349513655682,0.0422716786579986,0.0394521667998007
"555",0.0241345739972312,0.0461110764608704,0.0417941093673495,0.039328063096346
"556",-0.0289472197656968,0.0446923079327815,0.0414301103396762,0.0392375123009846
"557",0.0413080082257418,0.0443654967726104,0.0414260460674558,0.0392588367795451
"558",-0.0312437611481231,0.0432329137875363,0.0411272716077312,0.0391865362684154
"559",-0.0194846732114593,0.0414745898125615,0.0405921889487066,0.0390382270843814
"560",0.054739312248028,0.0429856565687546,0.0411422089096004,0.0392270364740127
"561",-0.0207393662338591,0.0413037786983278,0.0406275278473905,0.039084963871973
"562",-0.0716044834395166,0.0452561832918817,0.0420295477879723,0.0395443720152689
"563",0.0742791524703286,0.0489392394986333,0.0434915303024873,0.0400428783565563
"564",0.0395365216759389,0.0480817834637748,0.0433655084055343,0.040037829050425
"565",0.066388022310595,0.0502136342200284,0.0443259975549667,0.0403877132160483
"566",0.0154772353049974,0.0478876042070717,0.0436724827638348,0.040214473650009
"567",0.0217207795763876,0.0459464862591737,0.0431211777169608,0.0400713272127819
"568",-0.00389612502676862,0.0436060731851701,0.0424023674046075,0.03987170689637
"569",-0.0494688362248876,0.0442273358061714,0.0426567805646069,0.0399794370893086
"570",-0.22163128423533,0.0816853360428959,0.0582777411079825,0.0455535535000964
"571",0.0965588488311884,0.0832922916046687,0.0599489142135889,0.046344850369796
"572",-0.0261883495101438,0.0794507911961108,0.0591349098207682,0.0461863428170692
"573",0.0347978595309675,0.0761726624341889,0.0584870584674847,0.0460860738447636
"574",-0.0668861732452743,0.0752955713785431,0.0587863658831177,0.0463411066158616
"575",-0.00652554270608707,0.0714614513780685,0.0578105671697089,0.0461127284204264
"576",0.00678237927353376,0.0678282035484875,0.0568523788056196,0.045885902132314
"577",0.0343532383542113,0.0652580506565717,0.0562475899568844,0.0457846500046453
"578",-0.00767811545864383,0.0619568172491594,0.0553199491895942,0.0455609488874414
"579",0.15349153847292,0.0762282606489192,0.061185036028933,0.0478673018793849
"580",-0.0164688377101641,0.0725037599780589,0.060231739414667,0.0476552038679259
"581",-0.000151137996507344,0.0687831227419181,0.0592193755981779,0.047415632411479
"582",0.0353991257201862,0.0662066158846089,0.0585816231243714,0.0473102736600905
"583",0.00581356020410251,0.062836009870357,0.057606766946854,0.0470760477623944
"584",0.0706713436524646,0.0636629531529077,0.0580896109936695,0.0473710440611948
"585",-0.0124371014897777,0.0605239010068014,0.0571583664748214,0.0471493784015875
"586",-0.0673323755093493,0.0612388211263589,0.0575264969901539,0.0473944498420786
"587",0.03787248128575,0.0593178419661868,0.0569806875637868,0.0473084820347763
"588",-0.0130510350551578,0.0564249828495682,0.0560736103739994,0.047088837170352
"589",-0.0266935683892351,0.0541909169506453,0.0553461200745073,0.0469283489567981
"590",0.0138107182457796,0.0515951889792352,0.0544742548195343,0.0467129635197087
"591",-0.0795563220164635,0.0550343348329151,0.055493271990286,0.0471559275559753
"592",-0.00770529362899719,0.0522669815891656,0.0545786788021205,0.0469252794014621
"593",0.0667713851867902,0.0538933707980326,0.0550286443882573,0.0471657140378468
"594",0.00481101280291441,0.0511503710523764,0.054110856961076,0.0469311582329811
"595",0.000155612607256828,0.0485255276575594,0.0532013736041336,0.0466953175110645
"596",0.0709173844707118,0.051207242583611,0.0538858280291115,0.0470001320088242
"597",-0.0331830713591659,0.0496998505651461,0.0533253872094112,0.0468818292962114
"598",0.228246247502073,0.0862131230234458,0.0669727955431674,0.0519434095361122
"599",-0.0600752244078251,0.0839662764571306,0.0667543600397412,0.0520312322065623
"600",-0.00171905299561148,0.0796592589608259,0.0656331085357132,0.0517700781320545
"601",-0.0435053756608919,0.0768134724869841,0.0650169621082925,0.0516937903818506
"602",0.0182543647522557,0.0730999369576242,0.0640109827345064,0.0514665176412312
"603",0.0999169954244383,0.0762074884926179,0.0655256126490298,0.0521758567972729
"604",-0.0383265545344607,0.0733056317779578,0.0648031625403056,0.0520553268792934
"605",-0.0921928833656649,0.0754075384802905,0.0658998164211221,0.0526097660809405
"606",-0.00288340441257162,0.0715436829901249,0.0647943161966164,0.0523462522893945
"607",-0.0157118210186331,0.0680539113511082,0.0637698100580986,0.0521070189641653
"608",-0.132379281034933,0.0769456221620089,0.0671950756213823,0.0535122614752456
"609",0.0493024306592904,0.0746434113622909,0.0666760569499521,0.0534717147028144
"610",-0.0236821537012153,0.0712078606209523,0.0656978043624178,0.0532558952112088
"611",-0.0498433685969495,0.0693681455143555,0.0652314353755088,0.0532227817072727
"612",0.0447615727644068,0.0673134866911903,0.0646536060008701,0.0531446716069332
"613",-0.067079656459156,0.0672901402327294,0.064735939170741,0.0533023901312679
"614",0.036351246186463,0.0648637648091539,0.0639929490610518,0.0531593421506758
"615",0.00276880665331358,0.0615413992018694,0.0629193914579232,0.0528930501044922
"616",0.0199135240830453,0.0587219233190813,0.0619685923835606,0.0526651138419576
"617",-0.0123371753943537,0.0558449499967004,0.0609686511555105,0.0524151398108251
"618",0.142551817578187,0.0695621640376797,0.0653501178259618,0.0540688175828881
"619",0.0202501768757539,0.0663024295587611,0.0643580009935759,0.0538354281351244
"620",0.0575130488347644,0.0654766067193622,0.0641416056473056,0.0538735219576688
"621",0.0862202814008843,0.0678370187819202,0.0649985021885517,0.0542932831390633
"622",-0.083314186165663,0.0695399192345045,0.0656913507584864,0.0546605219941668
"623",0.135029312520562,0.0785844250116066,0.0691322810797988,0.056040303561203
"624",-0.0795813514897801,0.0786846860542656,0.0695058961138172,0.0563249751343665
"625",-0.0320883158467815,0.0753333779867914,0.068588307617371,0.0561340737448633
"626",0.0940596372820552,0.0774101258981916,0.069587723457706,0.0566401071086064
"627",-0.0980239835235173,0.0797117617858141,0.0707200555649703,0.0572033678745327
"628",-0.0288575303984446,0.0761698377073776,0.0697307245941114,0.0569893521138887
"629",-0.0390136928013276,0.0733066612343726,0.0689277188665391,0.0568374701043407
"630",-0.0213961169613128,0.0698731658456963,0.0678816804533057,0.0565925927313806
"631",0.072786684300072,0.0701699616353749,0.0680508768264667,0.0567777272879862
"632",0.108630674926446,0.0749099694154022,0.0697847540195813,0.0575293773224123
"633",0.0546095785140288,0.0731339440518754,0.0693324481461618,0.0575008640076364
"634",0.0333092619989936,0.0701759723040323,0.0684378476053206,0.0573091906375966
"635",-0.00212942226141877,0.0665781782857674,0.0672886728946502,0.057021834947942
"636",0.130059663367482,0.0753720110186306,0.0702900456533248,0.0582096140221247
"637",0.00946600699859568,0.0715667979536814,0.0691302226012418,0.0579250967830125
"638",-0.0305081201484891,0.0685762382455338,0.0681961357711367,0.0577150869088845
"639",-0.0015802215769245,0.0650590509978482,0.0670505212974416,0.0574255320752017
"640",0.0565703514883942,0.0642606611529838,0.0667277065015057,0.057417029638195
"641",-0.0119032547300337,0.0610791131398741,0.0656421371542131,0.0571411820056373
"642",-0.00384510223810519,0.0579574907745352,0.0645426473335549,0.0568556070057544
"643",0.0199342708292303,0.055343483614077,0.0635621012795343,0.056605334287813
"644",-0.0544203939342967,0.0552518686406519,0.0632786588902957,0.0565838693355281
"645",-0.0516110431753645,0.0548986526903931,0.0629246033585432,0.0565362333318396
"646",-0.0531402296961101,0.0547253530067545,0.0626230919972483,0.0565032336448684
"647",0.121037736183104,0.0645010945145551,0.0654161120497352,0.0575096745530377
"648",-0.0341347330879556,0.0621359000459204,0.0646178364843359,0.0573228487661965
"649",-0.0134368950194599,0.0591002375785525,0.0635790922427142,0.0570509394688747
"650",0.0196999113164433,0.0564124359006486,0.0626138468835533,0.0567987736619126
"651",-0.00313641131211995,0.0535267254687991,0.061564101525715,0.0565145260655877
"652",0.0326245616011605,0.0518173282545304,0.0608217015333535,0.0563255354850222
"653",-0.0682556284590867,0.0536881275360621,0.0610840766925762,0.0564575026860504
"654",0.0348485442985607,0.0521115691422596,0.0603934569787404,0.0562822503816107
"655",-0.124165642726397,0.0631329134286353,0.0635585888677469,0.0573616212585084
"656",-0.00871367616292806,0.0599564933715778,0.0625105485760393,0.0570803576046015
"657",0.0193643676282083,0.0572083985183861,0.0615614789046783,0.0568268966646869
"658",-0.0311666155158865,0.0551602807027497,0.0607936435232994,0.0566276120394269
"659",-0.0739145757462611,0.057312541046969,0.0612762896506206,0.0568267829619277
"660",0.139898135636128,0.0700956736224205,0.0654370473265597,0.0582487823556249
"661",0.0478868136199493,0.0682010103032938,0.0649285131612805,0.0581541792355874
"662",0.0434064534216354,0.0661411524364026,0.0643272267439248,0.0580250923011101
"663",-0.0524677035530652,0.0649035656390859,0.0639673434475899,0.0579720878692043
"664",-0.0269451476436657,0.0621597108065531,0.0630842956647403,0.0577441114337635
"665",0.0905653300388103,0.0655564991690583,0.0641901605730184,0.0581645971628148
"666",0.0191406024419383,0.0624862016060866,0.063207933937273,0.0579043639533228
"667",0.0234074569269582,0.0597399678274068,0.0622923091842557,0.0576613462846899
"668",-0.00583413264057064,0.0567043304411966,0.0612545668569036,0.0573749327723439
"669",-0.00414657136351204,0.0538104300959697,0.0602297631069347,0.0570884980467701
"670",-0.0951847550110645,0.0592622975175073,0.0617147319367818,0.0575949315388762
"671",0.0728161191491075,0.0607539022379789,0.0621167511521571,0.0577672023250184
"672",-0.0224069123656023,0.0580701295469856,0.061209558664913,0.0575210114563647
"673",0.0469849388586812,0.0570586049513894,0.0607890550910862,0.0574251095495785
"674",-0.0221472352894168,0.054581736526015,0.0599039418229243,0.0571798884846036
"675",-0.0243099726793425,0.0523483222571921,0.0590640781702746,0.0569449176743855
"676",-0.0690808187082808,0.0542542911682494,0.0594251781897692,0.0570792007944806
"677",-0.0298458159200785,0.0523283152026299,0.0586799156473318,0.0568712251593666
"678",-0.0453348179361233,0.0516715771627047,0.0582843284334415,0.0567673531474176
"679",0.0242814331426251,0.0496176933903541,0.05747591184788,0.056534717508546
"680",-0.122971381205784,0.0610566950236181,0.0608064945644299,0.0575809051867672
"681",0.0266402744170886,0.0585328833100521,0.0599819883731619,0.0573539386790424
"682",-0.00762394604624816,0.0555814810981227,0.0589902402944024,0.0570712419865028
"683",0.0417894744680862,0.0543599756676431,0.0584984231200338,0.0569385915099678
"684",-0.023694185813762,0.052111876796617,0.0576776427394875,0.0567024653130499
"685",-0.061849646135542,0.0531659741342937,0.0578215595358304,0.0567563028773634
"686",0.00811036489576011,0.0505028368208934,0.0568689803220215,0.0564773486436459
"687",0.0110542987373496,0.0480385535410826,0.0559495440206213,0.0562048500803493
"688",-0.0375725265279523,0.0470967285345478,0.0554352137054039,0.0560490401157612
"689",0.0214415592556274,0.0451914339352322,0.0546438667194149,0.0558090580475493
"690",0.00365260153764257,0.0428879153236607,0.0537295556248181,0.0555302408464559
"691",-0.0993862668975924,0.0514120507032397,0.0558559812762192,0.0561392323266796
"692",-0.00385779837710354,0.0487890082148948,0.0549216749239825,0.0558588949481533
"693",0.024688065937791,0.0469391164201952,0.0541863517615554,0.055633490398439
"694",0.0183978065618042,0.0449088021873923,0.05338137630476,0.055384956396575
"695",0.0257891553387695,0.0433777421706619,0.0526949236272593,0.0551674451756027
"696",0.00749216840065126,0.0412198850432209,0.0518272858938185,0.0548957781754739
"697",0.031767810108065,0.0403743780953332,0.0512852002984093,0.0547127474480159
"698",-0.0160100891788169,0.0386356527248835,0.0505078555854364,0.0544618077982415
"699",0.0669271509338811,0.0423245395549989,0.0511401682736003,0.0546006733098167
"700",0.0520629256816241,0.0433968294549433,0.0511711949411149,0.0545758581055703
"701",0.0231369380894617,0.0418149269577605,0.0504881380337342,0.0543513653260663
"702",-0.00991591152970583,0.039792861608347,0.049672539591019,0.0540877878660637
"703",-0.0897038518525415,0.0472207873208529,0.051510599404605,0.0545595592022093
"704",0.0054690503475987,0.0448309438987353,0.0506546556567839,0.0542886011077512
"705",0.0510602150572383,0.0454922711450587,0.0506682266031374,0.0542572418586148
"706",0.00444941794507248,0.043180687726656,0.0498232220776774,0.0539868829426064
"707",-0.0429869181510489,0.0431613499152283,0.0496105248980985,0.0538879178134682
"708",-0.0770480530291269,0.0476471632042477,0.0507645951804308,0.0541687851739364
"709",-0.0137472707037176,0.045410634111969,0.0499744158021121,0.0539145851713802
"710",0.0149344889117686,0.0433384011854566,0.0492100476756137,0.0536649203440542
"711",0.108864286469908,0.0536240487322679,0.0523063628518787,0.0544950413757841
"712",-0.0030857419919208,0.0508815970912928,0.0514302874619391,0.0542225464269193
"713",-0.0668192123373772,0.0526927314156643,0.0520166533338309,0.0543630716060297
"714",0.0049525894678939,0.0500132418853522,0.0511503543942957,0.0540926332255032
"715",-0.0850269430909205,0.0545357683784976,0.052632051368193,0.0544892765405179
"716",-0.00511705830517872,0.0517624715207812,0.0517558487487546,0.0542183567919693
"717",-0.00828314208243208,0.0491760018344466,0.0509084076075521,0.0539527450203148
"718",-0.0477719338771667,0.0490374041667764,0.0508069780821885,0.0538944028876028
"719",-0.0245400078241893,0.047163773227715,0.0501535421206504,0.0536802194356159
"720",-0.0617114886454013,0.0488140362769864,0.0505813745895501,0.0537665328512445
"721",0.0711736409791541,0.0514888127743183,0.0514008674946164,0.0539685467623332
"722",-0.0494606477740342,0.0512896054248873,0.0513373749085391,0.0539253026274188
"723",-0.0319895210445189,0.0496980302209488,0.050811280003925,0.0537501534861989
"724",-0.0700309120188063,0.0520897077250073,0.0515674728654015,0.053937421556084
"725",0.161744805693181,0.0711206165795932,0.0586737606439812,0.0560528869337938
"726",0.110274003823025,0.075949743148423,0.0610999321806628,0.0568521908711722
"727",-0.0316680688195965,0.0727448540733745,0.0603505637213868,0.056655658020402
"728",0.0639614508183648,0.071914804691523,0.060474400339864,0.0567334247183898
"729",-0.0184945826361647,0.0684745951366381,0.0595537542573494,0.0564791663183673
"730",0.0170597151152068,0.0651843274813437,0.0586355619108268,0.0562217815069503
"731",0.0278314952233467,0.0624624375678077,0.0578735220469818,0.0560090203147746
"732",-0.0376154910232014,0.0604391678691285,0.0573137322795729,0.0558549774612302
"733",0.040779674590016,0.0587699063927125,0.0568401369885352,0.0557243333784882
"734",0.00550853076160163,0.0557812342888047,0.0558938213414475,0.0554475744353869
"735",-0.0299279425303864,0.0537583450574371,0.0552253385094223,0.0552506334149945
"736",0.0912565511993879,0.0585981186614697,0.0567958509423038,0.0557262604948538
"737",0.0947004718806865,0.0631441485574062,0.058456670910472,0.0562501497407818
"738",-0.086079706052546,0.0657984553522731,0.059584115511398,0.0566265064791217
"739",-0.0160473332670592,0.0626278272381293,0.0586558478817852,0.0563653549605942
"740",0.0624479395221802,0.0626098617245611,0.0587861920810702,0.0564294640892998
"741",-0.0205510475780293,0.059751400504986,0.0579197780149116,0.0561840628372982
"742",0.0308666238667104,0.0575194030129783,0.0572244319449023,0.0559874734607255
"743",-0.0369272252388009,0.0558031858145768,0.0566651135164312,0.0558290004114456
"744",0.00933926937613005,0.0530218651840781,0.0557387775124632,0.0555568500294132
"745",-0.0028109411479913,0.0503088114335098,0.0548043275751823,0.0552789264711432
"746",0.00586511945239776,0.0477631533683267,0.0538938199716903,0.0550048120622225
"747",-0.0358212537503415,0.0467065644181019,0.0533900531695177,0.0548461129858845
"748",0.0739507977394056,0.050102144588805,0.0542012164784131,0.0550700983466708
"749",-0.00730638914346393,0.0475871908751645,0.0533068999557414,0.0547987807453295
"750",-0.0127790284799509,0.0453256772562699,0.0524628266720727,0.0545389329887367
"751",0.000719065330934132,0.0430003142123474,0.0515812027600561,0.0542654562395474
"752",0.0403625290335601,0.0427438614905467,0.0512468300213203,0.0541440376218213
"753",-0.0598313305524996,0.0447472092669362,0.0515560142451809,0.0542038953819403
"754",-0.0102925353062262,0.0425755222136391,0.0507242847242618,0.0539418809264295
"755",0.0173713521131016,0.0407625314475365,0.049972459961153,0.0536994755621427
"756",-0.00189261942119812,0.0386753639134477,0.0491337419332029,0.0534305035573667
"757",-0.0375739696206381,0.0385666399334855,0.0487925597085745,0.0532952285702934
"758",-0.0364327025403712,0.0383585886813204,0.0484314100623818,0.0531530201697184
"759",0.0380273947385001,0.0383255980790936,0.0481208636971804,0.05302306320642
"760",-0.0307578177001924,0.037637357190377,0.0476441502235008,0.0528467806360518
"761",-0.010118850198801,0.0358490265360581,0.0468797673466916,0.0525914962457199
"762",0.0174415943969151,0.0344537132212966,0.046201686196867,0.0523568265672555
"763",-0.0246382453155825,0.0336014409286997,0.045647315199546,0.0521525202416515
"764",0.0512703984260554,0.0357633405138985,0.0458458641964733,0.0521437688426376
"765",0.0138187827715179,0.0342083432508853,0.0451458427067205,0.0519006830901977
"766",0.0594801687976561,0.0375097150241523,0.0456961547534378,0.0519819856396945
"767",-0.0080892217051991,0.0356766646402574,0.0449523650568167,0.0517276335740568
"768",0.02621958229606,0.0348466441633343,0.044455297808627,0.051535001876375
"769",-0.000751547054000046,0.0330592835796372,0.0437083121070134,0.0512766205370004
"770",-0.0121967414198889,0.0315990610279063,0.043031322069447,0.0510340640197307
"771",-0.0294964227330037,0.0313951347738024,0.0426494175991222,0.0508637772871725
"772",0.0196489278463234,0.0304252703401251,0.042085742712661,0.0506468558150749
"773",0.0225452383210567,0.029731399981132,0.0415825966086618,0.0504433062390009
"774",-0.0159088368398668,0.0286508226638259,0.0409867250746847,0.0502155672208478
"775",0.0161593818793793,0.0276567394617471,0.0404056773901902,0.0499898894520652
"776",-0.0102232279156844,0.026435906505945,0.0397703652587594,0.0497497183569479
"777",-0.0167285813718192,0.0256311525488675,0.0392210071544777,0.0495285137034732
"778",0.0621505963787086,0.0312654769019745,0.0401966131634551,0.0496706711013731
"779",0.0114883244857533,0.029882690663093,0.0395766114365736,0.0494349505070077
"780",0.00131396679903384,0.028352254443243,0.0389121504245946,0.0491872323755685
"781",0.00712500733394084,0.02699151481047,0.0382802271844643,0.0489457700530356
"782",0.0306557763723148,0.0273800172952169,0.0380507006639473,0.0487967587503234
"783",-0.00598969944822425,0.0260439333113442,0.0374271271089915,0.0485557640712956
"784",0.00271807716354688,0.0247223908722411,0.0368014009736987,0.048313047762306
"785",0.0106719852646653,0.0236952754013286,0.0362352689906153,0.0480826337629197
"786",-0.0263352270202488,0.0239723567245928,0.0359492192905732,0.047913982403518
"787",-0.230192603251624,0.0762631625190955,0.0549140781137051,0.0529420888263259
"788",0.00683471263748281,0.0723818643815996,0.054005504834876,0.0526810519223799
"789",0.0816871508997217,0.0733655227230886,0.0551525256731269,0.0530498090219583
"790",-0.0630839535925154,0.0724030969784794,0.0554351924191626,0.0531595656513565
"791",-0.00326980127840359,0.068695391162054,0.0545067114516892,0.0528940167542072
"792",0.0151302745482202,0.0653455707068758,0.0536617155313271,0.0526505414675647
"793",-0.0138236105992409,0.0621461862941445,0.052820104729538,0.0524047776256755
"794",-0.0157824055420872,0.0591679140775248,0.0520121859984854,0.0521658931154299
"795",-0.0201726982866011,0.0564929343039733,0.0512704252092269,0.0519435186884806
"796",-0.0464149419855859,0.0555674468335398,0.0511160070729438,0.0518911310931143
"797",-0.0481879148943785,0.0548741701260732,0.0510211114262921,0.0518553961658222
"798",-0.0140526049676333,0.0522475326016487,0.050229120448342,0.0516145217315197
"799",0,0.0495663615435338,0.0493848734227405,0.0513557162476805
"800",0.00624229776913943,0.0470641945128325,0.0485681899490663,0.0511020232745177
"801",-0.0345022194246254,0.0459627553476732,0.0481655500394739,0.0509627522009175
"802",0.00625231912180801,0.0436489007957262,0.0473697433678026,0.0507110729958692
"803",0.0450891996915019,0.0437950622729281,0.047295496947043,0.0506579260337223
"804",-0.0191137317350223,0.0419849997692571,0.0466313169638176,0.0504401600742747
"805",-0.00037857278513842,0.0398306479585436,0.0458475936296811,0.0501872621870311
"806",-0.00866783275594774,0.0378859551494508,0.0451047612904378,0.0499431433815226
"807",-0.0204278782165299,0.0365176787141587,0.0445031996787426,0.0497347075729749
"808",0.0110907420462243,0.0348207873075416,0.0438020217291655,0.0494977654109967
"809",0.0208477833381173,0.0336853308259939,0.0432336775324582,0.049293699996946
"810",-0.0432710902541675,0.0347630563493692,0.043234925144772,0.0492371040808686
"811",0.0325112126622762,0.03454447818323,0.0429206565516411,0.0490980176561623
"812",0.0542027762129287,0.0369835499996332,0.0433440657049629,0.0491517049594416
"813",-0.0053375632238355,0.0351262527411433,0.0426266827642086,0.0489081725561131
"814",0.059713208876655,0.0383018929023869,0.0433049865239877,0.0490280451254896
"815",0.00545644591401429,0.0363773113371038,0.0425887726517411,0.0487852730230497
"816",-0.0359616770371085,0.0363359618509962,0.0423845668999106,0.0486737329060177
"817",0.0192667984649386,0.0350056118869846,0.041820371172665,0.0484680061417011
"818",-0.0407558068994391,0.0356224249150225,0.0417853226630232,0.0483969487705086
"819",0.0243350970454181,0.0346595028233927,0.0413225440729169,0.0482157579342945
"820",0.00224194536712341,0.0328885337811099,0.0406300599433943,0.0479745335362169
"821",0.00593467418636395,0.0312571931659565,0.0399618450178032,0.047737685304382
"822",0,0.0296531771004816,0.0392901695336885,0.0474983351737488
"823",0.0086581039725,0.0282643962853823,0.0386621123763265,0.0472681179492388
"824",-0.00578042478863772,0.0268761942751039,0.0380269300975538,0.0470346764063077
"825",0.0153498551008546,0.025954934829499,0.0374926628459042,0.0468240259053593
"826",-0.00936241095129509,0.0248003679747958,0.0369020993033561,0.0465986677002074
"827",0.0464116139750175,0.0277300598213086,0.0372582075828555,0.0465968004211689
"828",-0.0326499291892861,0.0282606154131604,0.0371138180971241,0.0464780236422317
"829",-0.0377014060669718,0.0293417066156721,0.0371335541606568,0.046398456826808
"830",-0.0556409254492429,0.0329307368713938,0.0378963661751008,0.0465000000234885
"831",-0.0327342620235833,0.0329111421683682,0.0377356747297438,0.0463825424804386
"832",-0.0964368832038462,0.0436444291422298,0.0410672317523507,0.0471470494579462
"833",-0.0693065477755965,0.0468475435011603,0.0423132783551491,0.0474199934089591
"834",-0.00703184390565958,0.044499076189907,0.0416218848917899,0.047187484029844
"835",-0.0420794079227065,0.0442630620347507,0.0416372166567133,0.0471391323052734
"836",-0.00402290632640145,0.0420108934938793,0.0409439699638154,0.0469045168733467
"837",0.0822508600815475,0.0475914283600954,0.0429655115954232,0.0473887702940443
"838",-0.0139481539869202,0.045364135040613,0.042320039151163,0.0471718092965958
"839",0.00430794436785931,0.0430577532118471,0.041616160356124,0.0469372834173937
"840",-0.031168838740335,0.042020503939496,0.041310505439187,0.0468058735474123
"841",0.0421014233373382,0.0420286028901658,0.0413371131779589,0.0467611623706609
"842",-0.0313495471787357,0.0410857946940364,0.0410433693219931,0.0466322382099308
"843",0.00250986798422836,0.0389854872588029,0.0403561173516654,0.0463991211386793
"844",0.0444802550603924,0.039569315184236,0.0405003551892153,0.0463803215572728
"845",-0.00768789254982583,0.0376173896345857,0.0398443588792619,0.0461541940997522
"846",0.0528639560019339,0.0394083872677588,0.0403460914854867,0.0462261275007343
"847",0.0025801682844202,0.0373949811495965,0.0396707545995275,0.0459950932930809
"848",0.0189521447746426,0.035978667746551,0.0391571526611851,0.0458037276288453
"849",0.132904690185451,0.054142254726453,0.0455078206482891,0.047472822478439
"850",0.0249682911179687,0.051967171640497,0.04497455059101,0.047300773378466
"851",0.0404794898179013,0.0509351268288727,0.0448319770256877,0.0472374244185581
"852",-0.0241077434504207,0.0489189815919459,0.0442976530797411,0.0470623969046517
"853",-0.0353074635713884,0.0477328166189501,0.0440275659735521,0.0469593957410864
"854",-0.00663381653562745,0.045331891161999,0.0433044947332017,0.0467286745716141
"855",-0.0479215766587298,0.0455974787859684,0.0434662996539839,0.0467407565343619
"856",-0.0142222931229061,0.0434907395503979,0.0428145343640689,0.046528168191234
"857",-0.0519144166343644,0.0444050745909195,0.0431487940681373,0.0465851238170919
"858",0.215840936360371,0.0802082325286799,0.0579022291641791,0.0511314486010684
"859",-0.0208546025670411,0.0763774571039141,0.0570561976100408,0.0509178362467387
"860",-0.00649640649294136,0.0724871346379919,0.0561097389594966,0.0506667279701232
"861",0.0657912141463033,0.0718456303828437,0.0564592080579208,0.0508402799307244
"862",0.0474425721496115,0.0697903640183549,0.0561819724091489,0.0508074219203051
"863",-0.0421265075781636,0.06753583998816,0.0557705565480632,0.0507279531129571
"864",-0.00508547091048372,0.0640903028238582,0.0548410297639524,0.050476195179672
"865",0.0221480328008985,0.0612034619947551,0.0540706800334834,0.0502719575967717
"866",-0.00634477535621736,0.0580973579568054,0.0531744835152905,0.0500239488275559
"867",0.0227443827417195,0.0555833014136012,0.052445384977365,0.049825107211058
"868",-0.0350830796127148,0.0538853904499441,0.0519601950959926,0.0496993167313387
"869",-0.0555760594723766,0.0540568368682107,0.0520847683251294,0.0497615297512386
"870",-0.00719665091866739,0.0513332896804912,0.0512261851782316,0.0495172878527434
"871",-0.0316536264333753,0.0497171114719819,0.050695657754849,0.0493706330700592
"872",0.104659030761745,0.057619122935051,0.0533806939072844,0.0502258225755328
"873",0.0122297154170172,0.0547989378450184,0.0525309502159928,0.0499889878698434
"874",0.0410585809240729,0.0535836909590767,0.0521891841460012,0.0499075820319856
"875",-0.0255581630897743,0.0514724461549129,0.0515237281950284,0.0497231182357022
"876",0.00144304979346588,0.0488331821728218,0.0506584066202395,0.0494740509482158
"877",0.00555085298263025,0.0463604671017784,0.0498172535863425,0.0492291522103817
"878",-0.0321494060771315,0.0451411347887578,0.0493303788088722,0.0490877594813061
"879",0.0151124251040735,0.0430904674408128,0.0485796553171195,0.0488650460545174
"880",-0.00593051212569584,0.0409222023264667,0.047775403499167,0.0486236888293673
"881",0.030498246714818,0.0400022284903134,0.0473012787911758,0.0484759720594286
"882",0.00807931945501439,0.0380353519249886,0.0465296298738741,0.048239715930605
"883",-0.0194748121809671,0.0366052732184907,0.0458855298684584,0.0480373755372053
"884",0.0167744055160473,0.0351296099138888,0.0452181211346303,0.0478259819944283
"885",-0.010971729800084,0.0335069907468934,0.0445032039087235,0.0475988668426155
"886",0.0178598998012909,0.032285355629331,0.043876529643616,0.0473939101618806
"887",-0.0603487157668354,0.0360874842399933,0.044523893678246,0.0475409554430839
"888",-0.0046371750686327,0.0342669841999016,0.0437837258702736,0.0473048948287307
"889",-0.00622623941509781,0.0325680854713028,0.0430628188188173,0.0470718632247859
"890",-0.00915342754457305,0.0310320913849011,0.0423719914604998,0.0468448265658706
"891",-0.0117754078023053,0.0296741916324578,0.0417152427690573,0.046624857597292
"892",-0.00022514350630054,0.0281515000150203,0.0410141169146912,0.0463911230786355
"893",0.00247887450878892,0.0267183595991436,0.0403272945705085,0.046159220853403
"894",-0.0374226782595368,0.0279737260749067,0.0402338525713679,0.0460800454284028
"895",-0.0082251765087169,0.0266653664576821,0.0395860991670485,0.0458564157587859
"896",-0.00172306740886441,0.0253028553254328,0.0389220105389971,0.0456268546872422
"897",0.00193861122774353,0.0240122231417051,0.0382694492779068,0.0453985333004867
"898",0.00562167967011229,0.022849256058298,0.0376402156278394,0.0451744413128434
"899",-0.0773705787114856,0.0326879228032452,0.0396118650545295,0.0456090957152104
"900",-0.0820320734535596,0.0404298945704889,0.0417265530228015,0.0461160038438843
"901",0.0706581111234739,0.0443889130778901,0.0430056663922762,0.0464257254743532
"902",0.0283749782847211,0.0430563814443187,0.0425990110629058,0.0462800641627801
"903",0.032993965580018,0.042158355770124,0.0423139844209472,0.0461661207780355
"904",-0.00882169113505604,0.0400921000767551,0.0416339393941173,0.0459431550524011
"905",-0.0517532670029968,0.0414062664853575,0.0420105395586241,0.0460048954395439
"906",0.03887133099238,0.0411597989686868,0.0419096878057703,0.0459390360335448
"907",-0.0659053173718993,0.0442613514459005,0.0429261951436135,0.0461814751292902
"908",0.0138175399331311,0.0422167377898403,0.0422800240718647,0.0459707351391002
"909",0.00137268383888989,0.0400526663375445,0.0415701402815882,0.0457404850408747
"910",0.0204189671281561,0.0385420276390602,0.0410410991350855,0.045556971004634
"911",0.00723621248003514,0.0366357118421724,0.0403729057245565,0.045334365796511
"912",-0.0303986460382322,0.0360605825252476,0.0400804406428004,0.0452094267726887
"913",-0.013026372843095,0.0344571863302694,0.0394784735988942,0.0450016474181653
"914",-0.00903769233920393,0.0328136543088518,0.0388499791231506,0.0447851715965211
"915",0.00903769233920393,0.0312606830775106,0.0382326149341222,0.0445698252846109
"916",0.00581169782035351,0.0297133784511423,0.0376049767663272,0.0443502021391572
"917",-0.0526038593271125,0.0327309177184721,0.0381999389468931,0.0444403361970872
"918",0.00295366653723317,0.0310653197605525,0.0375617486621952,0.0442185408228376
"919",0.00798148088585782,0.0295790311936677,0.0369591522050254,0.0440041106714908
"920",-0.0455369147200773,0.0315402637582936,0.0372768916899538,0.0440197044159074
"921",0.055086617300248,0.0346231563365741,0.0380052489240876,0.0441441211796345
"922",0.00433684096344811,0.0328750281853931,0.0373748478780477,0.0439249662200538
"923",-0.0226072778290711,0.0319968690883254,0.0369777353615883,0.0437632059300311
"924",-0.0208416865622412,0.0310621515382589,0.0365548037702465,0.0435936738296577
"925",-0.0267777513374634,0.0306606641975722,0.0362713866330135,0.0434577232255522
"926",0.00778072877095326,0.0291911402681254,0.0356900223687107,0.0432468693418006
"927",-0.015326627456588,0.0281140703929071,0.0352015429173619,0.0430573614532195
"928",-0.00244454458695476,0.0266825493248933,0.0346127557832662,0.0428422119462076
"929",-0.0183174636255314,0.0259675863721505,0.0341949179938196,0.0426667850443443
"930",0.0383991493875158,0.0274651316247358,0.03434335197929,0.0426262201637039
"931",0.0112732874014103,0.0262984564286791,0.0338287825866591,0.0424275159462374
"932",0.0388968311117015,0.0278162592116777,0.0340098872281284,0.0423936617602473
"933",-0.00448008962890745,0.026426822911323,0.0334482543898847,0.042183522131034
"934",-0.00278993952743667,0.0250862043467013,0.0328900033914813,0.0419729841295103
"935",0.00241750003761121,0.0238111384506326,0.0323402028833513,0.0417632741640323
"936",0.00130414552818747,0.0225929936582018,0.0317975228328204,0.0415541205517027
"937",0,0.0214335957364972,0.0312630726208032,0.0413458109273332
"938",-0.0310202532861004,0.0225761984171254,0.0312550090359122,0.0412553424417028
"939",-0.00324785561575158,0.0214422740884112,0.0307353979808919,0.0410498158909316
"940",0.0973659196393499,0.0369026589420861,0.0350596626193536,0.0419886161329048
